upplement Name,Evidence Level,Multi-Goal Support,Efficiency Score,Safety,Description,Potential Side Effects
Electrolytes Hydration Stick Packs,Moderate,Yes,7,High,Replenishes essential electrolytes for hydration.,Possible upset stomach in high doses
Energy Stick Packs,Moderate,Yes,6,Medium,Provides a quick energy boost with caffeine and vitamins.,"Jitters, increased heart rate"
Essentials Vitamin E Oil,High,No,8,High,Supports skin health and acts as an antioxidant.,Rare allergic reactions
5-HTP Capsules,Moderate,Yes,7,Medium,"Boosts serotonin levels, helping with mood and sleep.","Gastrointestinal discomfort, drowsiness"
5-HTP Powder,Moderate,Yes,7,Medium,"A powdered form of 5-HTP, used for mood and sleep support.","Gastrointestinal discomfort, drowsiness"
Acai Capsules,Low,Yes,5,High,"Rich in antioxidants, supports heart and skin health.",Possible mild digestive discomfort
Acetyl L-Carnitine Capsules,High,Yes,9,High,Supports cognitive function and energy production.,"Insomnia, headaches"
Acetyl L-Carnitine Powder,High,Yes,9,High,Powdered form for cognitive support and energy production.,"Insomnia, headaches"
Activated Charcoal Capsules,Moderate,No,6,Medium,Helps absorb toxins and relieve gas.,"Constipation, black stools"
Activated Charcoal Powder,Moderate,No,6,Medium,A powdered form of activated charcoal for detox purposes.,"Constipation, black stools"
Agmatine Sulfate Capsules,Moderate,Yes,7,High,Supports cognitive function and athletic performance.,Gastrointestinal issues in some cases
AKG Capsules,Moderate,Yes,7,High,Supports nitric oxide production and energy metabolism.,Possible nausea
Allulose Sweetener Powder,Low,No,5,High,A low-calorie sweetener with minimal blood sugar impact.,"Bloating, gas"
Aloe Vera Capsules,Moderate,Yes,7,High,Supports digestive health and skin healing.,"Diarrhea, electrolyte imbalances"
Alpha GPC Capsules,High,Yes,9,High,Supports cognitive function and memory.,"Headaches, dizziness"
Alpha Lipoic Acid Capsules,High,Yes,8,High,"Acts as a powerful antioxidant, supports energy production.","Nausea, skin rashes"
Amla Capsules,Moderate,Yes,7,High,"Rich in vitamin C, supports immune and digestive health.",Diarrhea in high doses
Andrographis Extract Capsules,Moderate,Yes,6,Medium,Supports immune system and liver function.,"Loss of appetite, diarrhea"
Apigenin,Low,No,5,High,Supports relaxation and stress relief.,None reported in typical doses
Apple Cider Vinegar Capsules,Moderate,Yes,7,High,Supports digestion and weight management.,"Throat irritation, lowered potassium"
Apple Cider Vinegar Gummies,Moderate,Yes,7,High,A gummy form of apple cider vinegar for digestion and weight management.,"Throat irritation, lowered potassium"
Arginine AKG Powder,Moderate,Yes,6,High,Supports nitric oxide production and athletic performance.,"Nausea, bloating"
Artemisinin,Low,No,5,Medium,Supports immune health and is used in malaria treatment.,"Nausea, dizziness"
Artichoke Extract,High,Yes,8,High,Supports liver health and digestion.,"Mild gas, allergic reactions"
Ashwagandha Gummies,High,Yes,9,High,Supports stress relief and sleep improvement.,"Drowsiness, upset stomach"
Ashwagandha Root Capsules,High,Yes,9,High,"Helps reduce stress, improve sleep, and enhance overall well-being.","Drowsiness, upset stomach"
Astaxanthin Softgels,Moderate,Yes,8,High,"Powerful antioxidant that supports skin, eye, and heart health.",Skin discoloration in high doses
Astragalus Capsules,High,Yes,7,High,Supports immune health and helps protect against stress.,Mild gastrointestinal discomfort
Bacopa Monnieri,Moderate,Yes,8,Medium,"Supports cognitive function, memory, and stress relief.","Dry mouth, fatigue"
Baikal Skullcap Capsules,Low,Yes,5,Medium,Traditionally used for calming and anti-inflammatory purposes.,"Drowsiness, digestive discomfort"
Baking Soda,High,No,6,High,Supports neutralizing stomach acid and can be used as an antacid.,"Stomach upset, electrolyte imbalance"
Bamboo Extract,Low,No,5,High,Supports skin and hair health due to its silica content.,None reported in typical doses
BCAA + Hydration Powder,Moderate,Yes,7,High,Supports muscle recovery and hydration during exercise.,Possible nausea or bloating
BCAA Capsules,Moderate,Yes,7,High,Helps with muscle recovery and endurance during physical activity.,Possible nausea or bloating
BCAA for Women,Moderate,Yes,7,High,"Tailored to women, supports muscle recovery and endurance.",Possible nausea or bloating
BCAA Powder,Moderate,Yes,7,High,Powdered form for muscle recovery and endurance support.,Possible nausea or bloating
Bee Pollen,Low,Yes,6,Medium,Nutrient-rich supplement that supports immune and energy levels.,Allergic reactions in sensitive people
Bee Pollen Powder,Low,Yes,6,Medium,"Powder form of bee pollen, rich in vitamins and minerals.",Allergic reactions in sensitive people
Bee Propolis 10:1 Capsules,Moderate,Yes,7,Medium,Supports immune health and has antimicrobial properties.,Allergic reactions in sensitive people
Bee Propolis Capsules [5% Flavonoids],Moderate,Yes,7,Medium,Contains flavonoids for antioxidant and immune support.,Allergic reactions in sensitive people
Beef Bone Broth Powder,Moderate,Yes,8,High,"Supports joint, skin, and gut health.",None reported in typical doses
Beef Bone Protein Powder + Multi Collagen,Moderate,Yes,8,High,Contains bone broth and collagen to support joint and skin health.,None reported in typical doses
Benfotiamine,Moderate,No,6,High,Supports nerve health and helps reduce advanced glycation end-products.,None reported in typical doses
Berberine Capsules,High,Yes,9,High,Supports blood sugar regulation and cardiovascular health.,"Gastrointestinal upset, low blood sugar"
Beta Alanine Powder,High,Yes,8,High,Supports endurance and athletic performance by reducing fatigue.,Tingling sensation (paresthesia)
Beta Glucan Capsules,Moderate,Yes,7,High,Supports immune function and heart health.,Possible gastrointestinal discomfort
Beta Glucan Powder,Moderate,Yes,7,High,Powder form of beta glucan for immune and heart support.,Possible gastrointestinal discomfort
Beta Sitosterol Softgels,Moderate,No,6,High,Supports prostate health and may reduce cholesterol levels.,"Nausea, indigestion"
Beta-Alanine Capsules,High,Yes,8,High,Supports endurance and athletic performance by buffering acid.,Tingling sensation (paresthesia)
Betaine Anhydrous (TMG) Capsules,High,Yes,8,High,Supports methylation and cardiovascular health.,Possible gastrointestinal discomfort
Caffeine Capsules,High,Yes,8,High,Supports energy and alertness.,"Increased heart rate, insomnia"
Calcium & Magnesium Carbonate Tablets,High,Yes,8,High,Supports bone health and muscle function.,"Constipation, bloating"
Calcium (with Vitamin D3) Tablets,High,Yes,9,High,Supports bone health and calcium absorption with vitamin D3.,"Constipation, gas"
Calcium + Magnesium + Zinc Citrates with Vitamin D3 Powder,High,Yes,9,High,"Supports bone health, immune function, and muscle relaxation.",Gastrointestinal discomfort
Calcium Ascorbate Powder,Moderate,Yes,7,High,Vitamin C form for immune health and antioxidant support.,"Diarrhea, nausea in high doses"
Calcium BHB,Moderate,Yes,7,High,Supports ketosis and energy production in low-carb diets.,"Nausea, gastrointestinal discomfort"
Calcium Carbonate Powder,High,No,7,High,Supports bone health by providing a highly concentrated calcium source.,Constipation
Calcium Citrate + Magnesium Citrate Powder,High,Yes,8,High,Supports bone health and muscle function with improved absorption.,"Gas, bloating"
Calcium Citrate Powder,High,No,7,High,A bioavailable form of calcium that supports bone health.,"Constipation, bloating"
Calcium D-Glucarate Capsules,Moderate,Yes,7,High,Supports detoxification and hormone balance.,"Gas, bloating"
Camu Camu Capsules,Moderate,Yes,7,High,"Rich in vitamin C, supports immune health and antioxidant defense.","Diarrhea, nausea"
Caprylic Acid Capsules,Moderate,Yes,7,High,Supports gut health and helps with yeast balance.,Gastrointestinal discomfort
Casein Protein Powder,High,Yes,8,High,Supports muscle recovery and provides slow-release protein.,Possible digestive issues in some
Cat's Claw Capsules,Moderate,Yes,7,Medium,Supports immune health and joint function.,"Dizziness, gastrointestinal upset"
Cayenne Pepper Capsules,Moderate,Yes,7,Medium,Supports metabolism and digestive health.,"Stomach irritation, sweating"
CDP Choline Capsules,High,Yes,9,High,Supports cognitive function and memory enhancement.,"Headache, insomnia"
Chamomile Capsules,Moderate,Yes,7,High,Supports relaxation and digestive health.,"Drowsiness, allergic reactions"
Chanca Piedra Tablets,Moderate,Yes,6,High,Traditionally supports kidney and liver health.,Possible gastrointestinal discomfort
Chasteberry for Women,Moderate,Yes,7,Medium,Supports hormonal balance and is commonly used for PMS and menopause.,"Headaches, gastrointestinal issues"
Chicken Bone Broth Protein Powder,Moderate,Yes,8,High,"Supports joint, skin, and gut health with collagen and protein.",None reported in typical doses
Chicory Root Capsules,Moderate,Yes,7,High,Supports digestive health and may act as a prebiotic.,"Gas, bloating, allergic reactions"
Chlorella Capsules,High,Yes,8,High,Supports detoxification and immune health.,"Digestive issues, allergic reactions"
Choline Bitartrate Capsules,Moderate,Yes,7,High,Supports cognitive function and liver health.,"Headaches, gastrointestinal upset"
Choline Bitartrate Powder,Moderate,Yes,7,High,Powdered form of choline for cognitive and liver health.,"Headaches, gastrointestinal upset"
Chromium Picolinate Tablets,High,Yes,8,High,Supports blood sugar regulation and metabolism.,None reported in typical doses
Cissus Quadrangularis,Moderate,Yes,7,Medium,Supports bone health and joint function.,Gastrointestinal discomfort
Citric Acid Capsules,Low,No,5,High,Used as a preservative or acidity regulator.,None reported in typical doses
Citric Acid Powder,Low,No,5,High,Powdered form for preserving food or adjusting pH levels.,None reported in typical doses
CLA Softgels,Moderate,Yes,7,High,Supports fat loss and lean muscle mass preservation.,Gastrointestinal discomfort
Coconut Milk Powder,Moderate,Yes,6,High,Supports digestion and provides a dairy-free fat source.,Possible digestive discomfort
Coconut Oil Powder,Moderate,Yes,6,High,Provides a powdered form of coconut oil for energy support.,Possible digestive discomfort
Coconut Oil Softgels,Moderate,Yes,7,High,Supports energy and weight management through healthy fats.,None reported in typical doses
Cod Liver Oil,High,Yes,8,High,"Rich in omega-3s and vitamins A & D, supports heart and bone health.","Fishy aftertaste, gastrointestinal upset"
Coleus Forskohlii Capsules,Moderate,Yes,6,Medium,Supports weight loss and heart health.,"Nausea, low blood pressure"
Collagen Powder for Women,High,Yes,9,High,"Supports skin, hair, and joint health for women.",None reported in typical doses
Colloidal Silver 4oz,Low,No,4,Medium,"Supports immune health, though evidence is lacking.",Risk of argyria (skin discoloration)
Colloidal Silver 8oz,Low,No,4,Medium,"Larger size, supports immune health, though evidence is lacking.",Risk of argyria (skin discoloration)
Colostrum 30% Powder,Moderate,Yes,8,High,Supports immune function and gut health.,Mild digestive discomfort
Colostrum Capsules,Moderate,Yes,8,High,Capsule form for immune and gut health support.,Mild digestive discomfort
CoQ10 Capsules,High,Yes,9,High,Supports heart health and energy production.,"Nausea, headaches"
CoQ10 Softgels,High,Yes,9,High,"Softgel form of CoQ10, supports heart and energy.","Nausea, headaches"
Cranberry Extract Capsules (With Vitamin C & E),Moderate,Yes,7,High,Supports urinary tract health and provides antioxidant support.,"Stomach upset, diarrhea"
Cranberry for Women Capsules,Moderate,Yes,7,High,"Tailored for women’s urinary health, rich in antioxidants.","Stomach upset, diarrhea"
Creatine for Women,High,Yes,8,High,Supports muscle growth and recovery for women.,Possible water retention
Creatine Monohydrate (Creapure®) Powder,High,Yes,9,High,High-quality creatine monohydrate for muscle growth and strength.,None reported in typical doses
Creatine Monohydrate Capsules,High,Yes,8,High,Capsule form of creatine for muscle strength and recovery.,None reported in typical doses
Creatine Monohydrate Powder,High,Yes,9,High,"Powdered form of creatine monohydrate, supports muscle performance.",None reported in typical doses
Creatine Monohydrate With Stevia,High,Yes,8,High,Sweetened version of creatine for muscle strength and performance.,None reported in typical doses
D-Aspartic Acid Capsules,Moderate,Yes,7,Medium,Supports testosterone levels and athletic performance.,"Headache, nausea, irritability"
D-Aspartic Acid Powder,Moderate,Yes,7,Medium,"Powder form of D-Aspartic acid, supports hormone levels.","Headache, nausea,"
D-Mannose Capsules,Moderate,Yes,8,High,Supports urinary tract health by preventing bacteria from adhering to the urinary tract.,"Bloating, diarrhea"
D-Mannose Powder,Moderate,Yes,8,High,"Powdered form of D-Mannose, supports urinary tract health.","Bloating, diarrhea"
D-Ribose Capsules,Moderate,Yes,7,High,Supports energy production by enhancing ATP levels.,Gastrointestinal discomfort
D-Ribose Powder,Moderate,Yes,7,High,"Powdered form of D-Ribose, aids in energy production.",Gastrointestinal discomfort
Dandelion Root Capsules,Moderate,Yes,7,High,"Supports liver and digestive health, has diuretic properties.","Allergic reactions, gastrointestinal upset"
Devil's Claw,Moderate,Yes,6,Medium,Traditionally used to support joint health and reduce inflammation.,"Diarrhea, nausea"
Dextrose Powder,Low,No,5,High,A fast-digesting carbohydrate that supports energy production during exercise.,May cause a rapid rise in blood sugar
DHEA Capsules,Moderate,Yes,7,Medium,"Supports hormone balance, particularly for aging adults.","Acne, hair loss, mood swings"
Digestive Enzyme Complex Capsules,High,Yes,9,High,"Supports digestion by breaking down proteins, fats, and carbohydrates.","Gas, bloating"
DIM Capsules,Moderate,Yes,7,High,Supports hormone balance and may reduce estrogen dominance.,"Headache, gastrointestinal upset"
DIM for Women Capsules,Moderate,Yes,7,High,"Tailored for women, supports hormone balance, especially for estrogen metabolism.","Headache, gastrointestinal upset"
DMAE Bitartrate Powder,Moderate,Yes,7,High,Supports cognitive function and skin health.,"Insomnia, irritability, headaches"
Dong Quai Capsules,Moderate,Yes,7,Medium,"Supports women's reproductive health, often used for PMS relief.","Photosensitivity, gastrointestinal upset"
EAA Powder,High,Yes,9,High,Provides essential amino acids that support muscle recovery and growth.,None reported in typical doses
Echinacea & Goldenseal Root Capsules,Moderate,Yes,7,High,Supports immune health and may help with colds and respiratory infections.,"Allergic reactions, nausea"
Echinacea Capsules,Moderate,Yes,7,High,"Supports immune health, traditionally used for cold relief.","Allergic reactions, nausea"
Egg White Protein Powder,High,Yes,8,High,"Provides a dairy-free, high-protein option for muscle growth and recovery.","Allergic reactions, digestive issues"
Elderberry Capsules,Moderate,Yes,7,High,"Rich in antioxidants, supports immune health.","Nausea, gastrointestinal discomfort"
Elderberry Gummies,Moderate,Yes,7,High,"Gummy form of elderberry for immune support, rich in antioxidants.","Nausea, gastrointestinal discomfort"
Elderberry Gummies (with Vitamin C & Zinc),Moderate,Yes,7,High,Supports immune health with added Vitamin C and Zinc.,"Nausea, gastrointestinal discomfort"
Electrolyte (8 Hydrating Electrolytes & Vitamins) (120 CAP),Moderate,Yes,7,High,Supports hydration and electrolyte balance during physical activity.,Possible stomach upset in large doses
Electrolytes Complex Powder,Moderate,Yes,7,High,Powdered form for replenishing electrolytes during exercise.,Possible stomach upset in large doses
Electrolytes Powder Hydration Packets,Moderate,Yes,7,High,Convenient hydration packets for electrolyte replenishment.,Possible stomach upset in large doses
Energy Powder,Moderate,Yes,7,High,Provides a blend of ingredients to support energy and focus.,"Jitters, increased heart rate"
Erythritol Powder,Moderate,No,6,High,A sugar substitute with minimal effect on blood sugar levels.,"Digestive upset, bloating in large doses"
"Essential Oils (100% Pure Oregano, Peppermint, Melaleuca, or Lavender Oil)",Moderate,Yes,7,Medium,Supports aromatherapy and topical use for various health benefits.,"Skin irritation, allergic reactions"
Essentials Bentonite Clay,Moderate,No,6,High,Supports detoxification when used topically or internally.,Possible constipation when ingested
Evening Primrose Oil Softgels,Moderate,Yes,7,Medium,"Supports women's hormonal health, commonly used for PMS relief.","Nausea, headaches"
Fadogia Agrestis Capsules,Low,Yes,5,Medium,Supports testosterone levels and athletic performance.,"Nausea, gastrointestinal discomfort"
Fenugreek Capsules,Moderate,Yes,7,Medium,"Supports lactation, hormone balance, and blood sugar regulation.","Diarrhea, gas, allergic reactions"
Ferrochel Iron Capsules,High,No,8,High,Supports iron absorption and helps with anemia.,"Constipation, stomach upset"
Feverfew Capsules,Moderate,Yes,6,Medium,Traditionally used for migraine prevention and inflammation.,"Mouth sores, stomach upset"
Fisetin Capsules,Low,Yes,6,High,An antioxidant that supports cognitive function and anti-aging.,None reported in typical doses
Fish Oil Softgels,High,Yes,9,High,"Rich in omega-3s, supports heart, brain, and joint health.","Fishy aftertaste, gastrointestinal upset"
Folic Acid (Vitamin B9) Capsules,High,No,8,High,"Supports DNA synthesis, red blood cell formation, and pregnancy health.",None reported in typical doses
Folic Acid for Women,High,No,8,High,"Tailored for women, supports pregnancy and red blood cell formation.",None reported in typical doses
GABA,Moderate,Yes,7,High,Supports relaxation and reduces anxiety by acting on GABA receptors.,"Drowsiness, headache"
GABA + B6,Moderate,Yes,7,High,Combines GABA and vitamin B6 to support relaxation and mood.,"Drowsiness, headache"
GABA Powder,Moderate,Yes,7,High,Powdered form of GABA for relaxation and anxiety relief.,"Drowsiness, headache"
Garlic Softgels,High,Yes,8,High,Supports cardiovascular health and has antimicrobial properties.,"Bad breath, gastrointestinal upset"
Ginger Root Extract Capsules,Moderate,Yes,7,High,"Supports digestion, immune health, and reduces nausea.","Heartburn, diarrhea"
Ginkgo Biloba Capsules,Moderate,Yes,7,High,Supports cognitive function and circulation.,"Headache, dizziness"
Glucomannan Capsules,Moderate,Yes,7,High,A fiber supplement that supports weight management and digestion.,"Gas, bloating"
Glucomannan Powder,Moderate,Yes,7,High,"Powdered form of glucomannan, supports weight management and digestion.","Gas, bloating"
Glucosamine + Chondroitin + MSM Tablets,High,Yes,9,High,"Supports joint health, cartilage repair, and reduces inflammation.",Gastrointestinal discomfort
Glucosamine Sulfate Capsules,High,Yes,8,High,Supports joint health and cartilage regeneration.,Gastrointestinal discomfort
Glutathione Capsules,High,Yes,8,High,A powerful antioxidant that supports detoxification and immune function.,Gastrointestinal discomfort
Glycine Powder,High,Yes,8,High,Supports sleep quality and cognitive function by acting as a neurotransmitter.,None reported in typical doses
Goldenseal Root Capsules,Moderate,Yes,7,Medium,Traditionally used for immune support and as an antimicrobial.,Gastrointestinal discomfort
Gotu Kola Capsules,Moderate,Yes,7,Medium,"Supports cognitive function, circulation, and skin health.","Nausea, dizziness"
rape Seed Extract (400 MG) (240 CAP),Moderate,Yes,7,High,"Rich in antioxidants, supports cardiovascular and immune health.","Headache, dizziness"
Grapefruit Seed Extract Capsules,Moderate,Yes,7,High,Supports immune health and acts as an antimicrobial.,"Gastrointestinal upset, allergic reactions"
Grass-Fed Bovine Collagen Hydrolysate Powder,High,Yes,9,High,"Supports joint, skin, and hair health.",None reported in typical doses
Grass-Fed Desiccated Beef Liver Capsules,High,Yes,9,High,"Rich in vitamins and minerals, supports energy and immune function.","Gastrointestinal upset, allergic reactions"
Grass-Fed Whey Protein Concentrate Powder,High,Yes,9,High,Supports muscle growth and recovery with a high-quality protein source.,"Bloating, allergic reactions"
Grass-Fed Whey Protein Isolate Powder,High,Yes,9,High,Provides a clean protein source to support muscle recovery.,"Bloating, allergic reactions"
Guarana Capsules,Moderate,Yes,7,Medium,Supports energy and focus due to its natural caffeine content.,"Jitters, increased heart rate"
Guarana Powder,Moderate,Yes,7,Medium,Powdered form of guarana for energy and focus.,"Jitters, increased heart rate"
Gymnema Sylvestre,Moderate,Yes,7,Medium,Supports blood sugar regulation and may help reduce sugar cravings.,"Gastrointestinal discomfort, hypoglycemia"
Hawthorn Berry,Moderate,Yes,7,Medium,Supports cardiovascular health and blood pressure regulation.,"Dizziness, nausea"
Himalayan Salt Capsules,Low,No,5,High,Provides trace minerals and supports hydration.,None reported in typical doses
HMB Capsules,Moderate,Yes,8,High,Supports muscle mass preservation and recovery during exercise.,None reported in typical doses
HMB Powder,Moderate,Yes,8,High,Powdered form of HMB for muscle mass preservation and recovery.,None reported in typical doses
HMB With Vitamin D3 Capsules,Moderate,Yes,8,High,Combines HMB and Vitamin D3 for bone and muscle health.,None reported in typical doses
Holy Basil Capsules,Moderate,Yes,7,High,"Supports stress relief and immune health, traditionally used in Ayurveda.",None reported in typical doses
Horny Goat Weed Capsules,Low,Yes,6,Medium,Traditionally used to support libido and energy.,"Dizziness, dry mouth"
Huperzine A Capsules,Moderate,Yes,7,Medium,Supports cognitive function and memory.,"Insomnia, gastrointestinal discomfort"
Hyaluronic Acid Capsules,High,Yes,8,High,"Supports joint health, skin hydration, and anti-aging.",None reported in typical doses
Hyaluronic Acid Powder,High,Yes,8,High,Powdered form of hyaluronic acid for skin hydration and joint health.,None reported in typical doses
Inositol Capsules,Moderate,Yes,7,High,"Supports hormone balance, mental health, and cellular function.","Nausea, dizziness"
Inositol Powder 1LB,Moderate,Yes,7,High,Powdered form of inositol for hormone balance and mental health.,"Nausea, dizziness"
Intraworkout Powders,Moderate,Yes,7,High,Supports muscle endurance and recovery during exercise.,"Possible bloating, nausea"
Iodine Capsules,High,No,8,High,Supports thyroid health and metabolism.,"Nausea, headache, stomach upset"
Iodine Tablets,High,No,8,High,Tablet form of iodine for thyroid health support.,"Nausea, headache, stomach upset"
Iron Bisglycinate,High,No,8,High,Supports iron absorption without gastrointestinal discomfort.,None reported in typical doses
Iron for Women,High,No,8,High,"Tailored for women, supports iron levels and prevents anemia.","Constipation, stomach upset"
Iron Tablets (as Ferrous Sulfate),High,No,8,High,Supports iron levels and prevents anemia.,"Constipation, stomach upset"
Kelp Capsules,Moderate,Yes,7,High,"Rich in iodine, supports thyroid function and metabolism.","Nausea, diarrhea"
Kelp Tablets,Moderate,Yes,7,High,Tablet form of kelp for thyroid support and metabolism.,"Nausea, diarrhea"
Ketone BHB Salt 4-in-1 Powder (Flavored),Moderate,Yes,7,High,Supports ketosis and energy production.,Gastrointestinal discomfort
Ketone BHB Salt 4-in-1 Powder (Unflavored),Moderate,Yes,7,High,Unflavored form of ketone salts for ketosis support.,Gastrointestinal discomfort
Kids Elderberry Gummies,Moderate,Yes,7,High,"Gummy form of elderberry, supports kids' immune health.","Nausea, gastrointestinal discomfort"
Kids Melatonin Gummies,Moderate,Yes,7,High,Supports sleep quality for children in a gummy form.,"Drowsiness, headache"
Kids Multivitamin Gummies,Moderate,Yes,8,High,Provides essential vitamins and minerals for children.,"Nausea, gastrointestinal discomfort"
Kids Vitamin C Gummies,High,Yes,8,High,Supports immune health with a child-friendly gummy form.,"Diarrhea, nausea"
Kids Vitamin D3 Gummies,High,Yes,8,High,Supports bone health and immune function in children.,None reported in typical doses
Korean Red Ginseng Capsules,Moderate,Yes,7,Medium,"Supports energy, focus, and immune health.","Insomnia, jitteriness"
Krill Oil Complex Softgels,High,Yes,9,High,"Rich in omega-3s, supports heart, brain, and joint health.","Fishy aftertaste, gastrointestinal discomfort"
KSM-66 Capsules,High,Yes,9,High,"A high-quality form of Ashwagandha, supports stress relief and energy.","Drowsiness, upset stomach"
L-Arginine Capsules,High,Yes,8,High,"Supports nitric oxide production, circulation, and performance.","Nausea, diarrhea, bloating"
L-Arginine L-Citrulline Complex Capsules,High,Yes,8,High,Combines L-Arginine and L-Citrulline to support circulation and performance.,"Nausea, diarrhea, bloating"
L-Arginine L-Ornithine Capsules,High,Yes,8,High,"Supports nitric oxide production, athletic performance, and recovery.","Nausea, diarrhea, bloating"
L-Arginine Powder,High,Yes,8,High,Powdered form of L-Arginine for nitric oxide and circulation support.,"Nausea, diarrhea, bloating"
L-Arginine Tablets,High,Yes,8,High,Tablet form of L-Arginine for nitric oxide production and circulation.,"Nausea, diarrhea, bloating"
L-Carnitine Tartrate Capsules,High,Yes,8,High,Supports fat metabolism and energy production.,"Nausea, stomach upset"
L-Carnitine Tartrate Powder,High,Yes,8,High,Powdered form of L-Carnitine for fat metabolism and energy support.,"Nausea, stomach upset"
L-Carnosine Capsules,Moderate,Yes,7,High,Supports anti-aging and antioxidant activity.,None reported in typical doses
L-Carnosine Powder,Moderate,Yes,7,High,Powdered form of L-Carnosine for anti-aging and antioxidant support.,None reported in typical doses
L-Citrulline (Base) Powder,High,Yes,8,High,Supports nitric oxide production and athletic performance.,"Nausea, diarrhea, bloating"
L-Citrulline Capsules,High,Yes,8,High,Capsule form of L-Citrulline for nitric oxide and performance.,"Nausea, diarrhea, bloating"
L-Citrulline Malate (2:1) Flavored Powder,High,Yes,8,High,"Flavored form of L-Citrulline Malate, supports nitric oxide production and athletic performance.","Nausea, diarrhea, bloating"
L-Citrulline Malate (2:1) Unflavored Powder,High,Yes,8,High,Unflavored form of L-Citrulline Malate for nitric oxide production and athletic support.,"Nausea, diarrhea, bloating"
L-Citrulline Tablets,High,Yes,8,High,Tablet form of L-Citrulline for nitric oxide production and circulation.,"Nausea, diarrhea, bloating"
L-Glutamine Capsules,High,Yes,8,High,"Supports muscle recovery, gut health, and immune function.","Nausea, stomach upset"
L-Glutamine Powder,High,Yes,8,High,Powdered form of L-Glutamine for muscle recovery and gut health.,"Nausea, stomach upset"
L-Glycine Capsules,High,Yes,8,High,"Supports sleep quality, cognitive function, and joint health.",None reported in typical doses
L-Isoleucine Capsules,High,Yes,8,High,"Supports muscle recovery and endurance, an essential amino acid.",None reported in typical doses
L-Leucine Capsules,High,Yes,8,High,"Supports muscle growth and recovery, an essential amino acid.",None reported in typical doses
L-Leucine Powder,High,Yes,8,High,"Powdered form of L-Leucine, supports muscle growth and recovery.",None reported in typical doses
L-Lysine Capsules,High,Yes,8,High,"Supports immune function and collagen production, an essential amino acid.","Nausea, diarrhea"
L-Lysine Powder,High,Yes,8,High,"Powdered form of L-Lysine, supports immune function and collagen production.","Nausea, diarrhea"
L-Lysine Tablets,High,Yes,8,High,Tablet form of L-Lysine for immune function and collagen support.,"Nausea, diarrhea"
L-Methylfolate,High,Yes,8,High,"Supports mood, cardiovascular health, and DNA synthesis.",None reported in typical doses
L-Ornithine Capsules,High,Yes,8,High,"Supports detoxification and liver function, improves athletic performance.",None reported in typical doses
L-Phenylalanine Capsules,Moderate,Yes,7,High,"Supports mood regulation and cognitive function, an essential amino acid.","Headache, nausea, anxiety"
L-Proline Capsules,Moderate,Yes,7,High,Supports collagen production and joint health.,None reported in typical doses
L-Proline Powder,Moderate,Yes,7,High,"Powdered form of L-Proline, supports collagen and joint health.",None reported in typical doses
L-Serine Capsules,Moderate,Yes,7,High,"Supports brain function, detoxification, and immune health.",None reported in typical doses
L-Serine Powder,Moderate,Yes,7,High,"Powdered form of L-Serine, supports cognitive and immune function.",None reported in typical doses
L-Theanine Capsules,High,Yes,8,High,"Promotes relaxation without drowsiness, improves focus.","Headache, dizziness"
L-Theanine Powder,High,Yes,8,High,"Powdered form of L-Theanine, supports relaxation and focus.","Headache, dizziness"
L-Tryptophan Capsules,High,Yes,8,High,Supports mood regulation and sleep by increasing serotonin levels.,"Drowsiness, nausea"
L-Tyrosine Capsules,High,Yes,8,High,"Supports cognitive function, stress response, and dopamine production.","Headache, nausea"
L-Tyrosine Powder,High,Yes,8,High,"Powdered form of L-Tyrosine, supports stress response and cognitive function.","Headache, nausea"
Lactase Enzyme Complex Capsules,High,Yes,8,High,Supports digestion of lactose for individuals with lactose intolerance.,"Gas, bloating"
Lactase Enzyme Powder,High,Yes,8,High,Powdered form of lactase to support lactose digestion.,"Gas, bloating"
Lactase Powder,High,Yes,8,High,Supports lactose digestion for individuals with lactose intolerance.,"Gas, bloating"
Lactobacillus Acidophilus Capsules,High,Yes,8,High,Supports gut health and digestion with probiotic benefits.,"Gas, bloating"
Lactoferrin Capsules,Moderate,Yes,7,High,Supports immune function and gut health.,"Constipation, diarrhea"
Licorice Root Capsules,Moderate,Yes,7,Medium,Supports digestive health and adrenal function.,"Increased blood pressure, low potassium"
Lithium Orotate,Low,Yes,6,Medium,Supports mood balance and cognitive function.,"Nausea, dizziness"
Long Jack Powder,Moderate,Yes,7,Medium,Supports testosterone levels and athletic performance.,"Insomnia, irritability"
Luteolin Capsules,Low,Yes,6,High,Supports cognitive health and anti-inflammatory responses.,None reported in typical doses
Luteolin with Rutin Complex Capsules,Low,Yes,6,High,Combines luteolin and rutin for cognitive and antioxidant support.,None reported in typical doses
Lycopene,High,Yes,8,High,A powerful antioxidant that supports heart and prostate health.,None reported in typical doses
Maca Root Capsules,Moderate,Yes,7,Medium,"Supports energy, hormone balance, and libido.","Stomach upset, insomnia"
Beet Root Capsules,Moderate,Yes,7,High,Supports nitric oxide production and cardiovascular health.,Gastrointestinal upset
Ceylon Cinnamon Capsules,Moderate,Yes,7,High,Supports blood sugar regulation and digestion.,Allergic reactions
Chaga Mushroom Capsules,Moderate,Yes,7,High,Supports immune health and provides antioxidant benefits.,"Stomach upset, allergic reactions"
Chlorella Capsules,High,Yes,8,High,"Supports detoxification, immune function, and overall health.","Stomach upset, allergic reactions"
Cordyceps Capsules,Moderate,Yes,7,High,"Supports energy, endurance, and immune function.",None reported in typical doses
Lion's Mane Capsules,Moderate,Yes,7,High,Supports cognitive health and neuroprotection.,Stomach upset
Noni Capsules,Low,Yes,6,High,Traditionally used to support immune health and energy.,Gastrointestinal discomfort
Reishi Mushroom Capsules,Moderate,Yes,7,High,"Supports immune health, stress relief, and sleep quality.","Dizziness, dry mouth"
Saw Palmetto Capsules,High,Yes,8,High,Supports prostate health and hormone balance.,"Stomach upset, nausea"
Shatavari Capsules,Moderate,Yes,7,High,Traditionally used to support women's health and hormone balance.,None reported in typical doses
Shiitake Mushroom Capsules,Moderate,Yes,7,High,Supports immune health and provides antioxidant benefits.,None reported in typical doses
Spirulina Capsules,High,Yes,8,High,"Supports detoxification, immune function, and overall health.","Stomach upset, allergic reactions"
Magnesium 30% Glycinate Powder,High,Yes,9,High,"Supports muscle relaxation, sleep quality, and bone health.","Diarrhea, stomach upset"
Magnesium Citrate Capsules,High,Yes,9,High,"Supports muscle relaxation, sleep, and digestive health.","Diarrhea, stomach upset"
Magnesium Citrate Powder,High,Yes,9,High,"Powdered form of magnesium citrate, supports muscle relaxation, sleep, and digestion.","Diarrhea, stomach upset"
Magnesium Complex,High,Yes,9,High,A blend of magnesium forms for optimal absorption and muscle relaxation.,"Diarrhea, stomach upset"
Magnesium L-Threonate As Magtein®,High,Yes,9,High,"Supports cognitive function, memory, and brain health.","Diarrhea, stomach upset"
Magnesium Malate Capsules,High,Yes,9,High,"Supports muscle relaxation, energy production, and overall well-being.","Diarrhea, stomach upset"
Magnesium Malate Powder,High,Yes,9,High,"Powdered form of magnesium malate, supports energy production and muscle relaxation.","Diarrhea, stomach upset"
Magnesium Orotate,High,Yes,9,High,"Supports heart health, energy production, and muscle function.","Diarrhea, stomach upset"
Magnesium Oxide Capsules,High,Yes,8,High,Supports digestive health and muscle relaxation.,"Diarrhea, stomach upset"
Magnesium Taurate,High,Yes,9,High,Supports cardiovascular health and muscle relaxation.,"Diarrhea, stomach upset"
Magnesium+,High,Yes,9,High,"A multi-form magnesium blend for muscle, nerve, and heart health.","Diarrhea, stomach upset"
Malic Acid Powder,Moderate,Yes,7,High,Supports energy production and muscle function.,None reported in typical doses
Maltodextrin Powder,Low,No,5,High,A fast-digesting carbohydrate that supports energy during exercise.,May cause rapid rise in blood sugar
Manganese Capsules,High,No,8,High,"Supports bone health, metabolism, and antioxidant activity.",None reported in typical doses
Marine Collagen Powder,High,Yes,9,High,"Supports skin, hair, and joint health with bioavailable collagen.",None reported in typical doses
Marshmallow Root Capsules,Moderate,Yes,7,High,Supports digestive health and soothes mucous membranes.,None reported in typical doses
Mass Gainers,Moderate,Yes,7,High,Supports muscle gain and provides a high-calorie supplement for athletes.,"Bloating, digestive discomfort"
MCT Oil,High,Yes,9,High,"Supports energy production and cognitive function, especially in ketogenic diets.",Gastrointestinal discomfort
MCT Oil Powder,High,Yes,9,High,Powdered form of MCT oil for easy mixing and energy support.,Gastrointestinal discomfort
MCT Oil Softgels,High,Yes,9,High,Supports energy production and cognitive function in a convenient softgel.,Gastrointestinal discomfort
Meal Replacement Shake,Moderate,Yes,8,High,Provides a balanced blend of macronutrients for meal replacement.,"Bloating, digestive discomfort"
Melatonin Capsules,High,Yes,9,High,Supports sleep regulation and quality.,"Drowsiness, headache"
Melatonin Gummies,High,Yes,9,High,Gummy form of melatonin to support sleep quality.,"Drowsiness, headache"
Melatonin Tablets,High,Yes,9,High,Tablet form of melatonin to support sleep regulation.,"Drowsiness, headache"
Melatonin Tablets (Fast Dissolve),High,Yes,9,High,Fast-dissolving melatonin tablets for quick sleep support.,"Drowsiness, headache"
Methyl Folate Capsules,High,Yes,8,High,"Supports mood regulation, heart health, and DNA synthesis.",None reported in typical doses
Milk Thistle Capsules,High,Yes,8,High,Supports liver detoxification and overall liver health.,Gastrointestinal upset
Mimosa Pudica Seed 10:1,Low,Yes,6,Medium,Supports digestive health and detoxification.,Gastrointestinal upset
Moringa Capsules,Moderate,Yes,7,High,"Rich in vitamins and minerals, supports energy and immune health.",None reported in typical doses
MSM Powder,Moderate,Yes,7,High,"Supports joint health, skin, and inflammation reduction.","Stomach upset, bloating"
MSM Tablets,Moderate,Yes,7,High,Supports joint and skin health in tablet form.,"Stomach upset, bloating"
Mucuna Pruriens Capsules,Moderate,Yes,7,Medium,Supports mood and cognitive function by promoting dopamine production.,"Nausea, headache"
"Multi Collagen (Hair, Skin, Nails Formula)",High,Yes,9,High,"Supports hair, skin, and nails with multiple collagen sources.",None reported in typical doses
Multivitamin,High,Yes,8,High,Provides essential vitamins and minerals for overall health.,"Nausea, gastrointestinal upset"
Multivitamin Capsules,High,Yes,8,High,Capsule form of multivitamin for daily health support.,"Nausea, gastrointestinal upset"
Multivitamin For Men Capsules,High,Yes,8,High,"Tailored for men, supports overall health and energy.","Nausea, gastrointestinal upset"
Mushroom Complex,Moderate,Yes,7,High,A blend of mushrooms supporting immune function and overall health.,None reported in typical doses
Myo & D-Chiro Inositol for Women,High,Yes,8,High,Supports hormonal balance and reproductive health in women.,"Nausea, gastrointestinal discomfort"
Myrrh Extract Capsules,Moderate,Yes,7,High,Supports immune health and has antimicrobial properties.,"Gastrointestinal upset, allergic reactions"
N-Acetyl Cysteine (NAC) Capsules,High,Yes,8,High,"Supports detoxification, liver health, and antioxidant activity.",None reported in typical doses
N-Acetyl Cysteine (NAC) Vegetarian Powder,High,Yes,8,High,"Powdered form of NAC, supports detoxification and antioxidant activity.",None reported in typical doses
N-Acetyl L-Tyrosine (NALT) Capsules,High,Yes,8,High,"Supports cognitive function, mood, and stress response.","Nausea, headache"
N-Acetyl L-Tyrosine (NALT) Powder,High,Yes,8,High,"Powdered form of NALT, supports cognitive function and stress response.","Nausea, headache"
"Nattokinase (2,000FU) (120 Caps)",Moderate,Yes,7,High,Supports heart health and circulation by breaking down blood clots.,None reported in typical doses
Natural Caffeine Capsules,High,Yes,8,High,Provides a natural source of caffeine for energy and focus.,"Jitters, increased heart rate"
Natural Vitamin C (Acerola Cherry) Powder,High,Yes,8,High,"Powdered form of vitamin C from acerola cherry, supports immune health and antioxidant activity.",Diarrhea in high doses
Niacin (as Inositol Hexanicotinate) Capsules (Flush Free),High,Yes,8,High,"Flush-free niacin, supports cardiovascular health and energy production.",None reported in typical doses
Nitric Oxide Booster Capsules,High,Yes,8,High,"Supports circulation, athletic performance, and energy.","Nausea, headache"
NMN,High,Yes,9,High,"Supports anti-aging, cellular energy, and longevity.",None reported in typical doses
NMN Powder,High,Yes,9,High,"Powdered form of NMN, supports cellular energy and longevity.",None reported in typical doses
Olive Leaf Capsules,Moderate,Yes,7,High,Supports immune health and antioxidant activity.,None reported in typical doses
Omega-3 Softgels,High,Yes,9,High,"Rich in EPA and DHA, supports heart, brain, and joint health.","Fishy aftertaste, gastrointestinal upset"
Acacia Fiber Powder,Moderate,Yes,7,High,Supports digestive health and acts as a prebiotic.,"Bloating, gas"
Alfalfa Powder,Moderate,Yes,7,High,"Rich in vitamins and minerals, supports digestion and immune function.",None reported in typical doses
Amla Powder,Moderate,Yes,7,High,"Rich in vitamin C, supports immune function and skin health.",Diarrhea in high doses
Astragalus Root Powder,Moderate,Yes,7,High,Supports immune function and stress management.,None reported in typical doses
Barley Grass Juice Powder,Moderate,Yes,7,High,"Supports detoxification, digestion, and overall health.",Gastrointestinal discomfort
Beet Root Powder,Moderate,Yes,7,High,Supports nitric oxide production and cardiovascular health.,Gastrointestinal upset
Blueberry Extract Powder,Moderate,Yes,7,High,"Rich in antioxidants, supports cognitive and immune health.",None reported in typical doses
Broccoli Powder,High,Yes,8,High,"Supports detoxification, antioxidant activity, and immune health.",Gastrointestinal discomfort
Chaga Mushroom Powder,Moderate,Yes,7,High,Supports immune health and provides antioxidant benefits.,None reported in typical doses
Chlorella Powder,High,Yes,8,High,"Supports detoxification, immune function, and overall health.",Gastrointestinal discomfort
Chlorella Tablets,High,Yes,8,High,Tablet form of chlorella for detoxification and immune support.,Gastrointestinal discomfort
Coconut Milk Powder,Moderate,Yes,7,High,Supports digestion and provides a dairy-free fat source.,Possible digestive discomfort
Cordyceps Powder,Moderate,Yes,7,High,"Supports energy, endurance, and immune function.",None reported in typical doses
Fiber Capsules,High,Yes,8,High,Supports digestion and regularity with fiber supplementation.,"Bloating, gas"
Goji Berry Powder,Moderate,Yes,7,High,"Rich in antioxidants, supports immune function and skin health.",None reported in typical doses
Greens,Moderate,Yes,7,High,A blend of green vegetables and superfoods to support overall health.,None reported in typical doses
Inulin Powder,Moderate,Yes,7,High,A prebiotic fiber that supports gut health and digestion.,"Bloating, gas"
Kale Powder,Moderate,Yes,7,High,"Supports detoxification, immune function, and overall health.",None reported in typical doses
Kelp Powder,Moderate,Yes,7,High,"Rich in iodine, supports thyroid health and metabolism.","Nausea, diarrhea"
Lion's Mane Mushroom Powder,Moderate,Yes,7,High,Supports cognitive function and neuroprotection.,Stomach upset
Maca Root Powder,Moderate,Yes,7,Medium,"Supports energy, hormone balance, and libido.","Stomach upset, insomnia"
Maltodextrin Powder,Low,No,5,High,A fast-digesting carbohydrate that supports energy during exercise.,May cause rapid rise in blood sugar
MCT Oil Powder,High,Yes,9,High,Powdered form of MCT oil for easy mixing and energy support.,Gastrointestinal discomfort
Milk Thistle,High,Yes,8,High,Supports liver detoxification and overall liver health.,Gastrointestinal upset
Moringa Powder (Unflavored),Moderate,Yes,7,High,"Rich in vitamins and minerals, supports energy and immune health.",None reported in typical doses
mucuna Pruriens Powder,Moderate,Yes,7,Medium,Supports mood and cognitive function by promoting dopamine production.,"Nausea, headache"
Pea Protein Isolate Powder,High,Yes,8,High,A plant-based protein that supports muscle recovery and growth.,"Bloating, digestive discomfort"
Peanut Butter Powder,Moderate,Yes,7,High,Provides protein and healthy fats in a powdered form.,Possible allergic reactions
Pineapple Juice Powder,Moderate,Yes,7,High,Provides vitamin C and supports digestion and immune health.,Gastrointestinal discomfort
Reishi Mushroom Powder,Moderate,Yes,7,High,"Supports immune health, stress relief, and sleep quality.",None reported in typical doses
Saw Palmetto Powder (8 OZ),High,Yes,8,High,Supports prostate health and hormone balance.,"Stomach upset, nausea"
Shatavari Powder UF (1 LB),Moderate,Yes,7,High,Traditionally used to support women's health and hormone balance.,None reported in typical doses
Shiitake Mushroom Powder,Moderate,Yes,7,High,Supports immune health and provides antioxidant benefits.,None reported in typical doses
Spinach Powder,High,Yes,8,High,"Rich in vitamins and minerals, supports overall health and energy.",None reported in typical doses
Spirulina Powder,High,Yes,8,High,"Supports detoxification, immune function, and overall health.","Gastrointestinal upset, allergic reactions"
Spirulina Tablets,High,Yes,8,High,"Tablet form of spirulina, supports detoxification and immune health.","Gastrointestinal upset, allergic reactions"
Super Greens Powder - 10 Servings,Moderate,Yes,7,High,A blend of green vegetables and superfoods to support overall health.,None reported in typical doses
Turkey Tail Mushroom Powder,Moderate,Yes,7,High,Supports immune health and provides antioxidant benefits.,None reported in typical doses
Turmeric Powder,High,Yes,8,High,"Supports joint health, anti-inflammatory response, and digestion.",Gastrointestinal discomfort
Vegan Meal Powder,Moderate,Yes,8,High,Provides a plant-based balanced meal replacement.,"Bloating, digestive discomfort"
Whey Protein Powder,High,Yes,9,High,Supports muscle growth and recovery with high-quality whey protein.,"Bloating, allergic reactions"
Ox Bile Capsules,Moderate,Yes,7,High,Supports fat digestion and overall digestive health.,"Diarrhea, nausea"
P5P Capsules,High,Yes,8,High,"Active form of vitamin B6, supports brain function and metabolism.",None reported in typical doses
Panax Ginseng Capsules,High,Yes,8,Medium,"Supports energy, focus, and immune health.","Insomnia, jitteriness"
Pantry Habanero Powder,Low,No,5,High,"A spicy powder used in cooking, supports metabolism.",Stomach irritation
Pantry Lupin Flour (2 LB),Moderate,No,6,High,"A gluten-free flour rich in protein, used for baking.","Allergic reactions, particularly for people with peanut allergies"
Pantry Stevia Powder,Moderate,No,6,High,"A natural sweetener with no calories, supports blood sugar regulation.",Bloating in high doses
Pantry Tapioca Flour,Moderate,No,6,High,"A gluten-free flour, commonly used in baking.",None reported in typical doses
Pantry White Cheddar Cheese Powder,Low,No,5,High,A powdered cheese used in cooking and flavoring.,High in sodium
Passion Flower Extract,Moderate,Yes,7,High,Supports relaxation and sleep.,"Drowsiness, dizziness"
Pau D'Arco,Moderate,Yes,7,Medium,Traditionally used to support immune health and fight infections.,"Nausea, diarrhea, allergic reactions"
Peanut Butter Powder,Moderate,Yes,7,High,Provides protein and healthy fats in a powdered form.,Possible allergic reactions
Phosphatidyl Serine (Soy Free) Capsules,High,Yes,8,High,Supports cognitive function and memory.,None reported in typical doses
Pickle Shot (12 pack),Moderate,Yes,6,High,Provides electrolytes for hydration and recovery.,"High sodium content, bloating"
Pine Bark Extract,Moderate,Yes,7,High,"Rich in antioxidants, supports cardiovascular and cognitive health.","Nausea, headaches"
Policosanol Capsules,Moderate,Yes,7,High,Supports cholesterol management and heart health.,Stomach upset
Potassium + Magnesium Citrate Capsules,High,Yes,8,High,"Supports electrolyte balance, muscle relaxation, and cardiovascular health.","Diarrhea, stomach upset"
Potassium Bicarbonate Powder,High,Yes,8,High,Supports electrolyte balance and acid-base regulation.,"Stomach upset, bloating"
Potassium Chloride Powder,High,Yes,8,High,Supports electrolyte balance and muscle function.,"Nausea, diarrhea"
Potassium Citrate Capsules,High,Yes,8,High,"Supports cardiovascular health, electrolyte balance, and muscle function.","Stomach upset, bloating"
Potassium Iodide,High,Yes,8,High,Supports thyroid function and radiation protection.,"Nausea, vomiting"
PQQ Capsules,High,Yes,8,High,Supports mitochondrial function and cognitive health.,"Headache, fatigue"
Pre-Workout Complex,High,Yes,8,High,"Provides energy, focus, and endurance for workouts.","Jitters, increased heart rate"
Pre-Workout For Women Powder,High,Yes,8,High,"Tailored for women, supports energy and endurance during exercise.","Jitters, increased heart rate"
Prebiotic Fiber Powder,High,Yes,8,High,Supports gut health and digestion by promoting beneficial bacteria.,"Bloating, gas"
Pregnenolone,Moderate,Yes,7,High,Supports hormone balance and cognitive function.,"Acne, headaches, mood swings"
Probiotic Complex Capsules,High,Yes,9,High,"Supports gut health, digestion, and immune function with a blend of probiotics.","Bloating, gas"
Probiotic for Women Capsule,High,Yes,9,High,"Tailored for women's health, supports gut and vaginal health.","Bloating, gas"
Protein for Women,High,Yes,8,High,"Tailored for women, supports muscle growth and recovery.","Bloating, digestive discomfort"
Psyllium Husk (Ground) Powder,High,Yes,8,High,Supports digestion and regularity with fiber supplementation.,"Bloating, gas"
Psyllium Husk (Whole Husk) Powder,High,Yes,8,High,"Whole husk form of psyllium, supports digestion and regularity.","Bloating, gas"
Psyllium Husk Capsules,High,Yes,8,High,Capsule form of psyllium husk for digestive health and regularity.,"Bloating, gas"
Pterostilbene Capsules,Moderate,Yes,7,High,Supports cardiovascular health and has antioxidant properties.,None reported in typical doses
Pure Agmatine Sulfate Powder,Moderate,Yes,7,High,"Supports cognitive function, nitric oxide production, and athletic performance.","Nausea, gastrointestinal discomfort"
Pygeum,High,Yes,8,High,Supports prostate health and urinary function.,"Stomach upset, nausea"
Quercetin,High,Yes,8,High,"Rich in antioxidants, supports immune and cardiovascular health.","Nausea, headache"
Quercetin (With Bromelain) Capsules,High,Yes,8,High,Combines quercetin and bromelain to support immune health and reduce inflammation.,"Nausea, headache"
R-Alpha Lipoic Acid Capsules,High,Yes,9,High,"Supports antioxidant activity, nerve health, and glucose metabolism.",Gastrointestinal upset
Red Yeast Rice,Moderate,Yes,7,High,Supports cholesterol management and cardiovascular health.,"Stomach upset, muscle pain"
Red Yeast Rice with CoQ10,Moderate,Yes,7,High,Combines red yeast rice and CoQ10 for cholesterol and heart health support.,"Stomach upset, muscle pain"
Resveratrol Capsules,High,Yes,9,High,"Rich in antioxidants, supports heart and anti-aging benefits.","Stomach upset, headache"
Rhodiola Rosea Capsules,High,Yes,8,High,"Supports stress relief, endurance, and cognitive function.","Dizziness, dry mouth"
Rhodiola Rosea Powder,High,Yes,8,High,Powdered form of rhodiola rosea for stress relief and endurance.,"Dizziness, dry mouth"
Rutin Capsules,Moderate,Yes,7,High,Supports vascular health and acts as an antioxidant.,Gastrointestinal upset
Saffron Extract Capsules,Moderate,Yes,7,High,"Supports mood and cognitive health, may reduce PMS symptoms.","Dry mouth, dizziness"
SAM-e (S-Adenosyl-L-Methionine),High,Yes,8,High,"Supports mood, joint health, and liver function.","Nausea, insomnia"
Sceletium Tortuosum (Made with Zembrin) Capsules,Moderate,Yes,7,Medium,"Supports stress relief, mood enhancement, and cognitive function.","Dry mouth, dizziness"
Selenium Capsules,High,Yes,8,High,"Supports immune function, thyroid health, and antioxidant activity.","Nausea, diarrhea, fatigue"
"Serrapeptase 120,000 SPU",Moderate,Yes,7,High,Supports inflammation reduction and cardiovascular health.,Gastrointestinal upset
"Serrapeptase 40,000 SPU",Moderate,Yes,7,High,Lower-dose serrapeptase for inflammation and cardiovascular support.,Gastrointestinal upset
Shilajit Capsules,Moderate,Yes,7,High,"Supports energy, cognitive function, and male reproductive health.",None reported in typical doses
Siberian Eleuthero Capsules,Moderate,Yes,7,High,"Supports energy, immune function, and endurance.","Drowsiness, gastrointestinal discomfort"
Sleep Aid Complex Capsules,High,Yes,9,High,A blend of natural ingredients to support sleep quality and relaxation.,"Drowsiness, dry mouth"
Slippery Elm Bark Capsules,Moderate,Yes,7,High,Supports digestive health and soothes mucous membranes.,None reported in typical doses
Sodium BHB,Moderate,Yes,7,High,Supports ketosis and energy production during low-carb diets.,Gastrointestinal discomfort
Sodium Bicarbonate Powder,Moderate,Yes,7,High,Supports pH balance and athletic performance by reducing lactic acid buildup.,"Stomach upset, bloating"
Sodium Chloride Tablets,Low,No,5,High,Provides sodium to support hydration and electrolyte balance.,"High blood pressure, bloating"
Sodium Citrate Powder,Moderate,Yes,7,High,Supports electrolyte balance and reduces acid buildup during exercise.,"Stomach upset, bloating"
Soy Isoflavones,Moderate,Yes,7,High,Supports hormonal balance and reduces menopause symptoms.,"Stomach upset, allergic reactions"
Soy Protein Isolate,High,Yes,8,High,A plant-based protein that supports muscle recovery and growth.,"Bloating, allergic reactions"
Spermidine Wheat Germ,Moderate,Yes,7,High,Supports cellular health and longevity.,Gastrointestinal discomfort
St. John's Wort Capsules,Moderate,Yes,7,Medium,Supports mood and reduces symptoms of mild depression.,"Sun sensitivity, dry mouth"
Stim Free Preworkout,Moderate,Yes,7,High,Provides energy and endurance for workouts without stimulants.,Gastrointestinal upset
Stinging Nettle Root Extract,Moderate,Yes,7,High,Supports prostate health and reduces inflammation.,Stomach upset
Strontium Capsules,Moderate,Yes,7,High,Supports bone health and reduces the risk of fractures.,"Nausea, diarrhea"
Tart Cherry Extract Capsules,High,Yes,8,High,"Rich in antioxidants, supports joint health and sleep quality.",Gastrointestinal discomfort
Taurine Capsules,High,Yes,8,High,"Supports energy production, electrolyte balance, and cognitive function.",None reported in typical doses
Taurine Powder,High,Yes,8,High,Powdered form of taurine for energy production and cognitive function.,None reported in typical doses
Testosterone Complex Capsules,Moderate,Yes,7,Medium,Supports testosterone levels and male reproductive health.,"Acne, irritability"
Theobromine Capsules,Moderate,Yes,7,High,"Supports mood, energy, and heart health.","Increased heart rate, headache"
TMG Capsules,High,Yes,8,High,Supports methylation and cardiovascular health.,Gastrointestinal discomfort
Tongkat Ali Capsules,Moderate,Yes,7,Medium,Supports testosterone levels and athletic performance.,"Insomnia, irritability"
Tribulus Capsules,Moderate,Yes,7,Medium,Supports testosterone levels and athletic performance.,"Stomach upset, nausea"
Tribulus Powder,Moderate,Yes,7,Medium,Powdered form of tribulus for testosterone support.,"Stomach upset, nausea"
Tudca Capsules,High,Yes,8,High,Supports liver health and detoxification.,"Diarrhea, stomach upset"
Tudca Powder,High,Yes,8,High,Powdered form of tudca for liver health and detoxification.,"Diarrhea, stomach upset"
Turkesterone Capsules,Moderate,Yes,7,Medium,Supports muscle growth and athletic performance.,"Headache, nausea"
Turkey Tail Mushroom Capsules,Moderate,Yes,7,High,Supports immune health and provides antioxidant benefits.,None reported in typical doses
Turmeric Capsules,High,Yes,8,High,"Supports joint health, anti-inflammatory response, and digestion.",Gastrointestinal discomfort
Turmeric Gummies,High,Yes,8,High,Gummy form of turmeric for joint health and inflammation support.,Gastrointestinal discomfort
Ubiquinol Softgels,High,Yes,9,High,"Active form of CoQ10, supports heart health and energy production.","Nausea, headache"
Ursolic Acid,Low,No,5,Medium,Traditionally used for muscle growth and fat loss.,"Nausea, headache"
Uva Ursi Capsules,Moderate,Yes,7,High,Supports urinary tract health and reduces inflammation.,"Nausea, vomiting, stomach upset"
Valerian Root Capsules,High,Yes,9,High,Supports sleep quality and relaxation.,"Drowsiness, dizziness"
Vanadium (With Chromium) Capsules,Moderate,Yes,7,High,Supports blood sugar regulation and cardiovascular health.,Gastrointestinal discomfort
Vitamin A Softgels,High,Yes,8,High,"Supports vision, immune function, and skin health.","Nausea, headache, dizziness"
Vitamin B Complex Capsules,High,Yes,8,High,"Supports energy production, brain function, and metabolism.","Nausea, gastrointestinal upset"
Vitamin B1 Thiamine Capsules,High,Yes,8,High,"Supports energy production, nerve function, and cardiovascular health.",None reported in typical doses
Vitamin B12 Capsules,High,Yes,8,High,"Supports energy production, nerve function, and red blood cell formation.",None reported in typical doses
Vitamin B2 Riboflavin Capsules,High,Yes,8,High,Supports energy production and cellular function.,None reported in typical doses
Vitamin B3 Niacin Capsules,High,Yes,8,High,"Supports cardiovascular health, cholesterol regulation, and energy production.","Flushing, headache, nausea"
Vitamin B3 Niacin Powder,High,Yes,8,High,Powdered form of niacin for cardiovascular and metabolic health.,"Flushing, headache, nausea"
Vitamin B3 Niacinamide Capsules,High,Yes,8,High,"Supports skin health, energy production, and cellular function.",None reported in typical doses
Vitamin B5 Pantothenic Acid Capsules,High,Yes,8,High,"Supports energy metabolism, skin health, and hormone production.",None reported in typical doses
Vitamin B6 (Pyridoxine HCI) Capsules,High,Yes,8,High,"Supports brain function, mood regulation, and energy production.",None reported in typical doses
Vitamin C (with Zinc) Capsules,High,Yes,9,High,Combines vitamin C and zinc for immune support and antioxidant benefits.,None reported in typical doses
Vitamin C Capsules,High,Yes,9,High,"Supports immune health, collagen production, and antioxidant protection.","Diarrhea, nausea in high doses"
Vitamin C Powder,High,Yes,9,High,Powdered form of vitamin C for immune support and antioxidant benefits.,"Diarrhea, nausea in high doses"
Vitamin C with Rose Hips Capsules,High,Yes,9,High,Combines vitamin C and rose hips for immune and antioxidant support.,"Diarrhea, nausea in high doses"
"Vitamin D3 Gummies (2,500iu)",High,Yes,9,High,Supports bone health and immune function in a gummy form.,None reported in typical doses
"Vitamin D3 Gummies (5,000iu)",High,Yes,9,High,Higher-dose gummy form of vitamin D3 for bone and immune health.,None reported in typical doses
Vitamin D3 Softgels,High,Yes,9,High,"Supports bone health, immune function, and calcium absorption.",None reported in typical doses
Vitamin E Softgels,High,Yes,9,High,"Supports skin health, immune function, and antioxidant protection.","Nausea, stomach upset"
Vitamin K2 (MK4) Capsules,High,Yes,8,High,Supports bone and heart health by regulating calcium metabolism.,None reported in typical doses
Vitamin K2 + Vitamin D3 Softgels,High,Yes,9,High,Combines K2 and D3 to support bone and heart health.,None reported in typical doses
Vitamin K2 MK-7 Softgels,High,Yes,9,High,"Supports bone and heart health, highly bioavailable form of K2.",None reported in typical doses
WheatGrass Powder,High,Yes,8,High,"Rich in nutrients and antioxidants, supports detoxification and overall health.",None reported in typical doses
Whey Protein Concentrate Powder,High,Yes,9,High,Supports muscle growth and recovery with high-quality protein.,"Bloating, digestive discomfort"
Whey Protein Isolate Powder,High,Yes,9,High,"A purer form of whey protein, supports muscle recovery and growth.","Bloating, digestive discomfort"
White Kidney Bean Capsules,Moderate,Yes,7,High,Supports weight management by inhibiting carbohydrate absorption.,"Bloating, gas, diarrhea"
White Willow Bark Capsules,Moderate,Yes,7,High,Supports joint health and reduces inflammation.,"Stomach upset, allergic reactions"
Wormwood Capsules,Moderate,Yes,7,Medium,Traditionally used for digestive health and parasite removal.,"Nausea, vomiting"
Xylitol Powder,Moderate,No,6,High,A sugar substitute that has minimal impact on blood sugar levels.,"Digestive upset, bloating"
Yohimbe Bark Extract Capsules,Moderate,Yes,6,Medium,Supports weight loss and libido.,"Increased heart rate, high blood pressure"
Yohimbine HCL Capsules,Moderate,Yes,6,Medium,Supports weight loss and athletic performance.,"Increased heart rate, anxiety"
Zeaxanthin (with Lutein) Softgels,High,Yes,8,High,Supports eye health and reduces the risk of age-related vision problems.,None reported in typical doses
Zinc Carnosine Capsules,High,Yes,8,High,Supports gut health and immune function.,"Nausea, diarrhea"
Zinc Chelate Capsules,High,Yes,8,High,Supports immune function and antioxidant activity.,"Nausea, diarrhea"
Zinc Gluconate Capsules,High,Yes,8,High,Supports immune function and skin health.,"Nausea, stomach upset"
Zinc Gluconate Tablets,High,Yes,8,High,Tablet form of zinc gluconate for immune health and skin support.,"Nausea, stomach upset"
Zinc Oxide Powder,Moderate,Yes,7,High,"Used topically for skin protection, supports immune function.",Skin irritation in high doses
Zinc Picolinate (30mg),High,Yes,8,High,Highly bioavailable form of zinc for immune health and antioxidant activity.,"Nausea, gastrointestinal upset"
Zinc Picolinate Capsules,High,Yes,8,High,"Supports immune health, wound healing, and cellular function.","Nausea, gastrointestinal upset"
ZMA Capsules,High,Yes,8,High,"Combines zinc, magnesium, and vitamin B6 to support recovery, sleep, and testosterone levels.","Nausea, gastrointestinal upset"
Pantry Unrefined Demerara Sugar,Low,No,5,High,A minimally processed sugar used for sweetening food and beverages.,May cause blood sugar spikes in large amounts
